date,ore_volume,rock_volume,total_volume,plan_volume
2024-01-01,29921.0,53248.0,83169.0,79264.0
2024-01-02,26965.0,47838.0,74803.0,79264.0
2024-01-03,30906.0,49600.0,80506.0,79264.0
2024-01-04,31327.0,51178.0,82505.0,79264.0
2024-01-05,24969.0,48730.0,73699.0,79264.0
2024-01-06,26399.0,48773.0,75172.0,79264.0
2024-01-07,27549.0,48413.0,75962.0,79264.0
2024-01-08,28575.0,48064.0,76639.0,79264.0
2024-01-09,29238.0,45526.0,74764.0,79264.0
2024-01-10,27402.0,46730.0,74132.0,79264.0
2024-01-11,31218.0,50722.0,81940.0,79264.0
2024-01-12,30998.0,48334.0,79332.0,79264.0
2024-01-13,29437.0,49625.0,79062.0,79264.0
2024-01-14,29777.0,47888.0,77665.0,79264.0
2024-01-15,30330.0,46928.0,77258.0,79264.0
2024-01-16,27417.0,51237.0,78654.0,79264.0
2024-01-17,30124.0,49814.0,79938.0,79264.0
2024-01-18,27209.0,43695.0,70904.0,79264.0
2024-01-19,31257.0,53880.0,85137.0,79264.0
2024-01-20,29221.0,46509.0,75730.0,79264.0
2024-01-21,26930.0,39136.0,66066.0,79264.0
2024-01-22,20106.0,32108.0,52214.0,79264.0
2024-01-23,32040.0,44574.0,76614.0,79264.0
2024-01-24,29017.0,48667.0,77684.0,79264.0
2024-01-25,28422.0,47444.0,75866.0,79264.0
2024-01-26,28597.0,47220.0,75817.0,79264.0
2024-01-27,30550.0,50871.0,81421.0,79264.0
2024-01-28,28191.0,46825.0,75016.0,79264.0
2024-01-29,30303.0,49751.0,80054.0,79264.0
2024-01-30,30351.0,50125.0,80476.0,79264.0
2024-01-31,34123.0,50927.0,85050.0,79264.0
2024-02-01,28526.0,40594.0,69120.0,80343.0
2024-02-02,28302.0,47239.0,75541.0,80343.0
2024-02-03,27647.0,40358.0,68005.0,80343.0
2024-02-04,28802.0,45800.0,74602.0,80343.0
2024-02-05,31939.0,48665.0,80604.0,80343.0
2024-02-06,29214.0,52677.0,81891.0,80343.0
2024-02-07,27626.0,53238.0,80864.0,80343.0
2024-02-08,27671.0,49517.0,77188.0,80343.0
2024-02-09,30926.0,46867.0,77793.0,80343.0
2024-02-10,31140.0,50634.0,81774.0,80343.0
2024-02-11,28710.0,43807.0,72517.0,80343.0
2024-02-12,28061.0,48831.0,76892.0,80343.0
2024-02-13,30047.0,52607.0,82654.0,80343.0
2024-02-14,29803.0,46764.0,76567.0,80343.0
2024-02-15,30039.0,51969.0,82008.0,80343.0
2024-02-16,31486.0,51506.0,82992.0,80343.0
2024-02-17,30072.0,45328.0,75400.0,80343.0
2024-02-18,29085.0,49682.0,78767.0,80343.0
2024-02-19,29751.0,51662.0,81413.0,80343.0
2024-02-20,30250.0,49420.0,79670.0,80343.0
2024-02-21,31015.0,46162.0,77177.0,80343.0
2024-02-22,26432.0,45821.0,72253.0,80343.0
2024-02-23,28947.0,47069.0,76016.0,80343.0
2024-02-24,28628.0,51201.0,79829.0,80343.0
2024-02-25,26269.0,42536.0,68805.0,80343.0
2024-02-26,29082.0,50857.0,79939.0,80343.0
2024-02-27,32988.0,44504.0,77492.0,80343.0
2024-02-28,27807.0,48475.0,76282.0,80343.0
2024-02-29,31855.0,49696.0,81551.0,80343.0
2024-03-01,26036.0,58599.0,84635.0,78819.0
2024-03-02,29014.0,44103.0,73117.0,78819.0
2024-03-03,28122.0,51960.0,80082.0,78819.0
2024-03-04,31067.0,49965.0,81032.0,78819.0
2024-03-05,31355.0,50988.0,82343.0,78819.0
2024-03-06,31549.0,49905.0,81454.0,78819.0
2024-03-07,29050.0,51175.0,80225.0,78819.0
2024-03-08,28814.0,48931.0,77745.0,78819.0
2024-03-09,31732.0,55071.0,86803.0,78819.0
2024-03-10,27437.0,44842.0,72279.0,78819.0
2024-03-11,27066.0,53910.0,80976.0,78819.0
2024-03-12,27393.0,47190.0,74583.0,78819.0
2024-03-13,27877.0,49441.0,77318.0,78819.0
2024-03-14,31008.0,45628.0,76636.0,78819.0
2024-03-15,30241.0,51462.0,81703.0,78819.0
2024-03-16,31461.0,55256.0,86717.0,78819.0
2024-03-17,27016.0,46502.0,73518.0,78819.0
2024-03-18,30319.0,49079.0,79398.0,78819.0
2024-03-19,31361.0,45624.0,76985.0,78819.0
2024-03-20,29318.0,49020.0,78338.0,78819.0
2024-03-21,31018.0,43871.0,74889.0,78819.0
2024-03-22,28572.0,46487.0,75059.0,78819.0
2024-03-23,29243.0,50850.0,80093.0,78819.0
2024-03-24,27217.0,52033.0,79250.0,78819.0
2024-03-25,27440.0,60728.0,88168.0,78819.0
2024-03-26,31157.0,47856.0,79013.0,78819.0
2024-03-27,29067.0,55572.0,84639.0,78819.0
2024-03-28,30142.0,51077.0,81219.0,78819.0
2024-03-29,31187.0,49608.0,80795.0,78819.0
2024-03-30,31126.0,51859.0,82985.0,78819.0
2024-03-31,29622.0,47483.0,77105.0,78819.0
2024-04-01,29956.0,50700.0,80656.0,80283.0
2024-04-02,29256.0,48761.0,78017.0,80283.0
2024-04-03,30026.0,45033.0,75059.0,80283.0
2024-04-04,26504.0,44512.0,71016.0,80283.0
2024-04-05,14920.0,29177.0,44097.0,80283.0
2024-04-06,27335.0,49391.0,76726.0,80283.0
2024-04-07,26065.0,45210.0,71275.0,80283.0
2024-04-08,12535.0,20335.0,32870.0,80283.0
2024-04-09,28296.0,53560.0,81856.0,80283.0
2024-04-10,29470.0,51256.0,80726.0,80283.0
2024-04-11,33175.0,48110.0,81285.0,80283.0
2024-04-12,29547.0,55295.0,84842.0,80283.0
2024-04-13,31968.0,56667.0,88635.0,80283.0
2024-04-14,26305.0,49577.0,75882.0,80283.0
2024-04-15,29921.0,54430.0,84351.0,80283.0
2024-04-16,28297.0,55480.0,83777.0,80283.0
2024-04-17,29655.0,55087.0,84742.0,80283.0
2024-04-18,32264.0,53157.0,85421.0,80283.0
2024-04-19,26629.0,53128.0,79757.0,80283.0
2024-04-20,31398.0,52859.0,84257.0,80283.0
2024-04-21,28979.0,43745.0,72724.0,80283.0
2024-04-22,29163.0,53608.0,82771.0,80283.0
2024-04-23,27302.0,45823.0,73125.0,80283.0
2024-04-24,30655.0,47986.0,78641.0,80283.0
2024-04-25,29345.0,55989.0,85334.0,80283.0
2024-04-26,31035.0,54257.0,85292.0,80283.0
2024-04-27,30584.0,56746.0,87330.0,80283.0
2024-04-28,32073.0,47090.0,79163.0,80283.0
2024-04-29,30035.0,46773.0,76808.0,80283.0
2024-04-30,28323.0,50266.0,78589.0,80283.0
2024-05-01,30982.0,51596.0,82578.0,80001.0
2024-05-02,31084.0,51536.0,82620.0,80001.0
2024-05-03,33603.0,55572.0,89175.0,80001.0
2024-05-04,32462.0,49918.0,82380.0,80001.0
2024-05-05,29422.0,49656.0,79078.0,80001.0
2024-05-06,33868.0,47588.0,81456.0,80001.0
2024-05-07,28046.0,53083.0,81129.0,80001.0
2024-05-08,29265.0,51409.0,80674.0,80001.0
2024-05-09,28646.0,48574.0,77220.0,80001.0
2024-05-10,29838.0,50553.0,80391.0,80001.0
2024-05-11,27679.0,50774.0,78453.0,80001.0
2024-05-12,30116.0,47472.0,77588.0,80001.0
2024-05-13,30241.0,58255.0,88496.0,80001.0
2024-05-14,27505.0,51173.0,78678.0,80001.0
2024-05-15,28517.0,50645.0,79162.0,80001.0
2024-05-16,31452.0,43624.0,75076.0,80001.0
2024-05-17,32616.0,48220.0,80836.0,80001.0
2024-05-18,35175.0,50641.0,85816.0,80001.0
2024-05-19,35203.0,46056.0,81259.0,80001.0
2024-05-20,31714.0,56935.0,88649.0,80001.0
2024-05-21,28635.0,51079.0,79714.0,80001.0
2024-05-22,26131.0,56623.0,82754.0,80001.0
2024-05-23,31420.0,51982.0,83402.0,80001.0
2024-05-24,29052.0,51909.0,80961.0,80001.0
2024-05-25,29936.0,51450.0,81386.0,80001.0
2024-05-26,27512.0,48822.0,76334.0,80001.0
2024-05-27,30558.0,58358.0,88916.0,80001.0
2024-05-28,33221.0,43030.0,76251.0,80001.0
2024-05-29,31230.0,44257.0,75487.0,80001.0
2024-05-30,30543.0,49816.0,80359.0,80001.0
2024-05-31,28622.0,51953.0,80575.0,80001.0
2024-06-01,27224.0,54537.0,81761.0,80954.0
2024-06-02,27846.0,50728.0,78574.0,80954.0
2024-06-03,30805.0,50486.0,81291.0,80954.0
2024-06-04,34819.0,55834.0,90653.0,80954.0
2024-06-05,31224.0,55891.0,87115.0,80954.0
2024-06-06,33106.0,52690.0,85796.0,80954.0
2024-06-07,29852.0,55663.0,85515.0,80954.0
2024-06-08,28350.0,53054.0,81404.0,80954.0
2024-06-09,26839.0,46898.0,73737.0,80954.0
2024-06-10,29373.0,54696.0,84069.0,80954.0
2024-06-11,35657.0,52476.0,88133.0,80954.0
2024-06-12,29173.0,52072.0,81245.0,80954.0
2024-06-13,32830.0,57676.0,90506.0,80954.0
2024-06-14,29004.0,42776.0,71780.0,80954.0
2024-06-15,33045.0,46712.0,79757.0,80954.0
2024-06-16,29847.0,44597.0,74444.0,80954.0
2024-06-17,30660.0,50737.0,81397.0,80954.0
2024-06-18,30919.0,51158.0,82077.0,80954.0
2024-06-19,29572.0,46406.0,75978.0,80954.0
2024-06-20,31998.0,48398.0,80396.0,80954.0
2024-06-21,30019.0,48877.0,78896.0,80954.0
2024-06-22,28327.0,61493.0,89820.0,80954.0
2024-06-23,26215.0,56007.0,82222.0,80954.0
2024-06-24,31409.0,50601.0,82010.0,80954.0
2024-06-25,34506.0,50789.0,85295.0,80954.0
2024-06-26,31386.0,47808.0,79194.0,80954.0
2024-06-27,30775.0,44928.0,75703.0,80954.0
2024-06-28,31667.0,51738.0,83405.0,80954.0
2024-06-29,33914.0,48394.0,82308.0,80954.0
2024-06-30,29525.0,48865.0,78390.0,80954.0
2024-07-01,30139.0,46109.0,76248.0,80113.0
2024-07-02,33478.0,49295.0,82773.0,80113.0
2024-07-03,31989.0,52756.0,84745.0,80113.0
2024-07-04,34425.0,53583.0,88008.0,80113.0
2024-07-05,31450.0,53778.0,85228.0,80113.0
2024-07-06,28353.0,47173.0,75526.0,80113.0
2024-07-07,26037.0,52437.0,78474.0,80113.0
2024-07-08,34679.0,49147.0,83826.0,80113.0
2024-07-09,34838.0,54590.0,89428.0,80113.0
2024-07-10,30650.0,52142.0,82792.0,80113.0
2024-07-11,30202.0,46949.0,77151.0,80113.0
2024-07-12,34259.0,50974.0,85233.0,80113.0
2024-07-13,28607.0,53559.0,82166.0,80113.0
2024-07-14,27072.0,51495.0,78567.0,80113.0
2024-07-15,32454.0,51625.0,84079.0,80113.0
2024-07-16,30169.0,57976.0,88145.0,80113.0
2024-07-17,31024.0,55977.0,87001.0,80113.0
2024-07-18,30673.0,51167.0,81840.0,80113.0
2024-07-19,31773.0,54985.0,86758.0,80113.0
2024-07-20,34124.0,59475.0,93599.0,80113.0
2024-07-21,29224.0,56568.0,85792.0,80113.0
2024-07-22,32438.0,47443.0,79881.0,80113.0
2024-07-23,26507.0,48579.0,75086.0,80113.0
2024-07-24,30907.0,57733.0,88640.0,80113.0
2024-07-25,29155.0,48059.0,77214.0,80113.0
2024-07-26,28325.0,47044.0,75369.0,80113.0
2024-07-27,29070.0,50211.0,79281.0,80113.0
2024-07-28,28263.0,50644.0,78907.0,80113.0
2024-07-29,33008.0,51646.0,84654.0,80113.0
2024-07-30,28070.0,49550.0,77620.0,80113.0
2024-07-31,31051.0,49447.0,80498.0,80113.0
2024-08-01,29913.0,49289.0,79202.0,80750.0
2024-08-02,30252.0,48640.0,78892.0,80750.0
2024-08-03,33173.0,60638.0,93811.0,80750.0
2024-08-04,30145.0,50084.0,80229.0,80750.0
2024-08-05,33898.0,55308.0,89206.0,80750.0
2024-08-06,30610.0,50064.0,80674.0,80750.0
2024-08-07,29412.0,51200.0,80612.0,80750.0
2024-08-08,30444.0,49179.0,79623.0,80750.0
2024-08-09,31464.0,41797.0,73261.0,80750.0
2024-08-10,31312.0,46620.0,77932.0,80750.0
2024-08-11,26531.0,41958.0,68489.0,80750.0
2024-08-12,31108.0,43271.0,74379.0,80750.0
2024-08-13,31404.0,47260.0,78664.0,80750.0
2024-08-14,36433.0,56818.0,93251.0,80750.0
2024-08-15,35016.0,51596.0,86612.0,80750.0
2024-08-16,29002.0,56649.0,85651.0,80750.0
2024-08-17,30239.0,53287.0,83526.0,80750.0
2024-08-18,25644.0,51679.0,77323.0,80750.0
2024-08-19,29556.0,48261.0,77817.0,80750.0
2024-08-20,31541.0,53655.0,85196.0,80750.0
2024-08-21,33491.0,54412.0,87903.0,80750.0
2024-08-22,29226.0,49430.0,78656.0,80750.0
2024-08-23,29382.0,53726.0,83108.0,80750.0
2024-08-24,26088.0,53729.0,79817.0,80750.0
2024-08-25,28445.0,46467.0,74912.0,80750.0
2024-08-26,28457.0,47266.0,75723.0,80750.0
2024-08-27,29620.0,47010.0,76630.0,80750.0
2024-08-28,28846.0,51815.0,80661.0,80750.0
2024-08-29,30558.0,52706.0,83264.0,80750.0
2024-08-30,26889.0,48428.0,75317.0,80750.0
2024-08-31,27519.0,51516.0,79035.0,80750.0
2024-09-01,18112.0,27399.0,45511.0,80282.0
2024-09-02,27894.0,53716.0,81610.0,80282.0
2024-09-03,28304.0,57239.0,85543.0,80282.0
2024-09-04,34748.0,56169.0,90917.0,80282.0
2024-09-05,37088.0,47487.0,84575.0,80282.0
2024-09-06,28109.0,57664.0,85773.0,80282.0
2024-09-07,29866.0,49223.0,79089.0,80282.0
2024-09-08,29417.0,52186.0,81603.0,80282.0
2024-09-09,34458.0,51448.0,85906.0,80282.0
2024-09-10,28473.0,49597.0,78070.0,80282.0
2024-09-11,30094.0,44268.0,74362.0,80282.0
2024-09-12,32333.0,50459.0,82792.0,80282.0
2024-09-13,31569.0,45158.0,76727.0,80282.0
2024-09-14,29774.0,54733.0,84507.0,80282.0
2024-09-15,28296.0,53794.0,82090.0,80282.0
2024-09-16,27555.0,47975.0,75530.0,80282.0
2024-09-17,30044.0,52124.0,82168.0,80282.0
2024-09-18,29971.0,48193.0,78164.0,80282.0
2024-09-19,31057.0,48534.0,79591.0,80282.0
2024-09-20,29313.0,53838.0,83151.0,80282.0
2024-09-21,31561.0,50721.0,82282.0,80282.0
2024-09-22,30741.0,54451.0,85192.0,80282.0
2024-09-23,30843.0,48980.0,79823.0,80282.0
2024-09-24,31264.0,54583.0,85847.0,80282.0
2024-09-25,30596.0,51128.0,81724.0,80282.0
2024-09-26,30468.0,53754.0,84222.0,80282.0
2024-09-27,28869.0,49003.0,77872.0,80282.0
2024-09-28,31141.0,50486.0,81627.0,80282.0
2024-09-29,28220.0,47208.0,75428.0,80282.0
2024-09-30,35028.0,47442.0,82470.0,80282.0
2024-10-01,33873.0,53107.0,86980.0,80597.0
2024-10-02,31249.0,53035.0,84284.0,80597.0
2024-10-03,28710.0,52792.0,81502.0,80597.0
2024-10-04,27930.0,56349.0,84279.0,80597.0
2024-10-05,32987.0,55989.0,88976.0,80597.0
2024-10-06,28933.0,46029.0,74962.0,80597.0
2024-10-07,31400.0,51844.0,83244.0,80597.0
2024-10-08,26495.0,48029.0,74524.0,80597.0
2024-10-09,11996.0,18705.0,30701.0,80597.0
2024-10-10,31310.0,48065.0,79375.0,80597.0
2024-10-11,27857.0,56474.0,84331.0,80597.0
2024-10-12,29251.0,51672.0,80923.0,80597.0
2024-10-13,28858.0,46435.0,75293.0,80597.0
2024-10-14,30382.0,54773.0,85155.0,80597.0
2024-10-15,29613.0,41962.0,71575.0,80597.0
2024-10-16,30018.0,42530.0,72548.0,80597.0
2024-10-17,29680.0,53182.0,82862.0,80597.0
2024-10-18,30560.0,50361.0,80921.0,80597.0
2024-10-19,33451.0,51057.0,84508.0,80597.0
2024-10-20,22556.0,42039.0,64595.0,80597.0
2024-10-21,29672.0,49966.0,79638.0,80597.0
2024-10-22,30571.0,57642.0,88213.0,80597.0
2024-10-23,30823.0,53136.0,83959.0,80597.0
2024-10-24,29344.0,50624.0,79968.0,80597.0
2024-10-25,26287.0,48286.0,74573.0,80597.0
2024-10-26,30864.0,48430.0,79294.0,80597.0
2024-10-27,31932.0,38814.0,70746.0,80597.0
2024-10-28,26748.0,50860.0,77608.0,80597.0
2024-10-29,32013.0,53070.0,85083.0,80597.0
2024-10-30,29381.0,43846.0,73227.0,80597.0
2024-10-31,29959.0,47297.0,77256.0,80597.0
2024-11-01,27768.0,45389.0,73157.0,80968.0
2024-11-02,29340.0,46096.0,75436.0,80968.0
2024-11-03,30927.0,46946.0,77873.0,80968.0
2024-11-04,31339.0,41799.0,73138.0,80968.0
2024-11-05,33860.0,52033.0,85893.0,80968.0
2024-11-06,32630.0,52541.0,85171.0,80968.0
2024-11-07,30998.0,48701.0,79699.0,80968.0
2024-11-08,33860.0,40208.0,74068.0,80968.0
2024-11-09,30981.0,45828.0,76809.0,80968.0
2024-11-10,29828.0,51279.0,81107.0,80968.0
2024-11-11,29346.0,39018.0,68364.0,80968.0
2024-11-12,30138.0,48234.0,78372.0,80968.0
2024-11-13,28449.0,45051.0,73500.0,80968.0
2024-11-14,32153.0,52574.0,84727.0,80968.0
2024-11-15,27376.0,46933.0,74309.0,80968.0
2024-11-16,12238.0,19706.0,31944.0,80968.0
2024-11-17,27535.0,48611.0,76146.0,80968.0
2024-11-18,32525.0,56423.0,88948.0,80968.0
2024-11-19,31593.0,48657.0,80250.0,80968.0
2024-11-20,33940.0,50841.0,84781.0,80968.0
2024-11-21,31536.0,43753.0,75289.0,80968.0
2024-11-22,26464.0,53904.0,80368.0,80968.0
2024-11-23,29769.0,46475.0,76244.0,80968.0
2024-11-24,25332.0,44219.0,69551.0,80968.0
2024-11-25,28765.0,49251.0,78016.0,80968.0
2024-11-26,33224.0,43383.0,76607.0,80968.0
2024-11-27,31297.0,50178.0,81475.0,80968.0
2024-11-28,28352.0,52972.0,81324.0,80968.0
2024-11-29,27654.0,50396.0,78050.0,80968.0
2024-11-30,29952.0,43233.0,73185.0,80968.0
2024-12-01,25199.0,45788.0,70987.0,80429.0
2024-12-02,20676.0,37914.0,58590.0,80429.0
2024-12-03,30553.0,42100.0,72653.0,80429.0
2024-12-04,32405.0,45142.0,77547.0,80429.0
2024-12-05,31199.0,52547.0,83746.0,80429.0
2024-12-06,24815.0,50233.0,75048.0,80429.0
2024-12-07,30522.0,50764.0,81286.0,80429.0
2024-12-08,28008.0,53256.0,81264.0,80429.0
2024-12-09,30757.0,50962.0,81719.0,80429.0
2024-12-10,33400.0,51674.0,85074.0,80429.0
2024-12-11,25303.0,59468.0,84771.0,80429.0
2024-12-12,28539.0,48348.0,76887.0,80429.0
2024-12-13,31138.0,46123.0,77261.0,80429.0
2024-12-14,26356.0,50775.0,77131.0,80429.0
2024-12-15,31081.0,47813.0,78894.0,80429.0
2024-12-16,30643.0,47138.0,77781.0,80429.0
2024-12-17,31694.0,45213.0,76907.0,80429.0
2024-12-18,28575.0,57910.0,86485.0,80429.0
2024-12-19,31621.0,50372.0,81993.0,80429.0
2024-12-20,32180.0,46344.0,78524.0,80429.0
2024-12-21,30342.0,52606.0,82948.0,80429.0
2024-12-22,28345.0,45709.0,74054.0,80429.0
2024-12-23,30424.0,48162.0,78586.0,80429.0
2024-12-24,27931.0,51259.0,79190.0,80429.0
2024-12-25,29506.0,44213.0,73719.0,80429.0
2024-12-26,29496.0,50463.0,79959.0,80429.0
2024-12-27,30676.0,56394.0,87070.0,80429.0
2024-12-28,32034.0,50898.0,82932.0,80429.0
2024-12-29,25507.0,44699.0,70206.0,80429.0
2024-12-30,29562.0,47204.0,76766.0,80429.0
2024-12-31,33098.0,47575.0,80673.0,80429.0
2025-01-01,28205.0,48172.0,76377.0,81998.0
2025-01-02,28034.0,47705.0,75739.0,81998.0
2025-01-03,30291.0,52627.0,82918.0,81998.0
2025-01-04,31706.0,42564.0,74270.0,81998.0
2025-01-05,27876.0,49431.0,77307.0,81998.0
2025-01-06,32778.0,47719.0,80497.0,81998.0
2025-01-07,31743.0,50600.0,82343.0,81998.0
2025-01-08,31713.0,44892.0,76605.0,81998.0
2025-01-09,31084.0,54231.0,85315.0,81998.0
2025-01-10,34990.0,53924.0,88914.0,81998.0
2025-01-11,29422.0,52845.0,82267.0,81998.0
2025-01-12,23470.0,40452.0,63922.0,81998.0
2025-01-13,33412.0,52368.0,85780.0,81998.0
2025-01-14,28880.0,50766.0,79646.0,81998.0
2025-01-15,30130.0,43138.0,73268.0,81998.0
2025-01-16,32779.0,49156.0,81935.0,81998.0
2025-01-17,26378.0,50646.0,77024.0,81998.0
2025-01-18,27155.0,51385.0,78540.0,81998.0
2025-01-19,24392.0,46958.0,71350.0,81998.0
2025-01-20,28174.0,50404.0,78578.0,81998.0
2025-01-21,30894.0,54911.0,85805.0,81998.0
2025-01-22,31087.0,53984.0,85071.0,81998.0
2025-01-23,30548.0,38445.0,68993.0,81998.0
2025-01-24,26839.0,48148.0,74987.0,81998.0
2025-01-25,24872.0,48744.0,73616.0,81998.0
2025-01-26,28081.0,39728.0,67809.0,81998.0
2025-01-27,28932.0,49760.0,78692.0,81998.0
2025-01-28,30988.0,54164.0,85152.0,81998.0
2025-01-29,31529.0,45307.0,76836.0,81998.0
2025-01-30,30297.0,50732.0,81029.0,81998.0
2025-01-31,31674.0,45991.0,77665.0,81998.0
2025-02-01,30514.0,46937.0,77451.0,81063.0
2025-02-02,29185.0,52123.0,81308.0,81063.0
2025-02-03,28477.0,47467.0,75944.0,81063.0
2025-02-04,29642.0,51305.0,80947.0,81063.0
2025-02-05,30479.0,42458.0,72937.0,81063.0
2025-02-06,31861.0,56666.0,88527.0,81063.0
2025-02-07,29199.0,51900.0,81099.0,81063.0
2025-02-08,31221.0,48938.0,80159.0,81063.0
2025-02-09,27500.0,48841.0,76341.0,81063.0
2025-02-10,29836.0,44318.0,74154.0,81063.0
2025-02-11,31930.0,54192.0,86122.0,81063.0
2025-02-12,25731.0,48490.0,74221.0,81063.0
2025-02-13,27274.0,48969.0,76243.0,81063.0
2025-02-14,26876.0,47900.0,74776.0,81063.0
2025-02-15,25014.0,47586.0,72600.0,81063.0
2025-02-16,12788.0,23718.0,36506.0,81063.0
2025-02-17,31819.0,50814.0,82633.0,81063.0
2025-02-18,29555.0,52344.0,81899.0,81063.0
2025-02-19,30628.0,49859.0,80487.0,81063.0
2025-02-20,32601.0,51869.0,84470.0,81063.0
2025-02-21,33137.0,48353.0,81490.0,81063.0
2025-02-22,30076.0,58444.0,88520.0,81063.0
2025-02-23,31218.0,41040.0,72258.0,81063.0
2025-02-24,30455.0,54817.0,85272.0,81063.0
2025-02-25,28423.0,55250.0,83673.0,81063.0
2025-02-26,28970.0,46842.0,75812.0,81063.0
2025-02-27,27033.0,58579.0,85612.0,81063.0
2025-02-28,28349.0,53919.0,82268.0,81063.0
2025-03-01,29528.0,53855.0,83383.0,81767.0
2025-03-02,30096.0,47300.0,77396.0,81767.0
2025-03-03,34127.0,49397.0,83524.0,81767.0
2025-03-04,27314.0,49456.0,76770.0,81767.0
2025-03-05,31232.0,51765.0,82997.0,81767.0
2025-03-06,28092.0,55635.0,83727.0,81767.0
2025-03-07,31439.0,51030.0,82469.0,81767.0
2025-03-08,30119.0,46907.0,77026.0,81767.0
2025-03-09,24393.0,50534.0,74927.0,81767.0
2025-03-10,32477.0,53932.0,86409.0,81767.0
2025-03-11,29118.0,52950.0,82068.0,81767.0
2025-03-12,29288.0,53326.0,82614.0,81767.0
2025-03-13,28123.0,49494.0,77617.0,81767.0
2025-03-14,29051.0,47025.0,76076.0,81767.0
2025-03-15,31446.0,47287.0,78733.0,81767.0
2025-03-16,28102.0,41403.0,69505.0,81767.0
2025-03-17,31255.0,51550.0,82805.0,81767.0
2025-03-18,31343.0,50364.0,81707.0,81767.0
2025-03-19,33466.0,49041.0,82507.0,81767.0
2025-03-20,29821.0,39514.0,69335.0,81767.0
2025-03-21,27340.0,46037.0,73377.0,81767.0
2025-03-22,32952.0,55068.0,88020.0,81767.0
2025-03-23,27889.0,45316.0,73205.0,81767.0
2025-03-24,33085.0,52244.0,85329.0,81767.0
2025-03-25,31490.0,45621.0,77111.0,81767.0
2025-03-26,30373.0,56405.0,86778.0,81767.0
2025-03-27,31443.0,50424.0,81867.0,81767.0
2025-03-28,34983.0,52105.0,87088.0,81767.0
2025-03-29,35274.0,59874.0,95148.0,81767.0
2025-03-30,28872.0,53831.0,82703.0,81767.0
2025-03-31,31086.0,49936.0,81022.0,81767.0
2025-04-01,33116.0,48879.0,81995.0,82141.0
2025-04-02,28902.0,49929.0,78831.0,82141.0
2025-04-03,31510.0,53136.0,84646.0,82141.0
2025-04-04,30735.0,50831.0,81566.0,82141.0
2025-04-05,31497.0,49761.0,81258.0,82141.0
2025-04-06,26987.0,53871.0,80858.0,82141.0
2025-04-07,27338.0,50894.0,78232.0,82141.0
2025-04-08,26289.0,60099.0,86388.0,82141.0
2025-04-09,28406.0,51737.0,80143.0,82141.0
2025-04-10,29869.0,58209.0,88078.0,82141.0
2025-04-11,30248.0,52814.0,83062.0,82141.0
2025-04-12,35169.0,55148.0,90317.0,82141.0
2025-04-13,31354.0,45767.0,77121.0,82141.0
2025-04-14,28819.0,48308.0,77127.0,82141.0
2025-04-15,31714.0,53331.0,85045.0,82141.0
2025-04-16,30068.0,55372.0,85440.0,82141.0
2025-04-17,30352.0,51799.0,82151.0,82141.0
2025-04-18,31399.0,46789.0,78188.0,82141.0
2025-04-19,32367.0,46540.0,78907.0,82141.0
2025-04-20,28273.0,43316.0,71589.0,82141.0
2025-04-21,33373.0,45053.0,78426.0,82141.0
2025-04-22,28534.0,52217.0,80751.0,82141.0
2025-04-23,31074.0,56106.0,87180.0,82141.0
2025-04-24,36788.0,51810.0,88598.0,82141.0
2025-04-25,31578.0,43301.0,74879.0,82141.0
2025-04-26,34253.0,51196.0,85449.0,82141.0
2025-04-27,29315.0,48331.0,77646.0,82141.0
2025-04-28,32404.0,59944.0,92348.0,82141.0
2025-04-29,31015.0,46471.0,77486.0,82141.0
2025-04-30,30777.0,50552.0,81329.0,82141.0
2025-05-01,29450.0,58548.0,87998.0,82070.0
2025-05-02,32124.0,53804.0,85928.0,82070.0
2025-05-03,29317.0,54262.0,83579.0,82070.0
2025-05-04,30667.0,49585.0,80252.0,82070.0
2025-05-05,33603.0,53430.0,87033.0,82070.0
2025-05-06,32034.0,55159.0,87193.0,82070.0
2025-05-07,30610.0,49154.0,79764.0,82070.0
2025-05-08,32250.0,55594.0,87844.0,82070.0
2025-05-09,30584.0,47066.0,77650.0,82070.0
2025-05-10,33333.0,53557.0,86890.0,82070.0
2025-05-11,25257.0,50014.0,75271.0,82070.0
2025-05-12,30559.0,50018.0,80577.0,82070.0
2025-05-13,26929.0,52298.0,79227.0,82070.0
2025-05-14,28031.0,50043.0,78074.0,82070.0
2025-05-15,34331.0,48361.0,82692.0,82070.0
2025-05-16,33311.0,51113.0,84424.0,82070.0
2025-05-17,20453.0,33175.0,53628.0,82070.0
2025-05-18,26057.0,50730.0,76787.0,82070.0
2025-05-19,24851.0,48156.0,73007.0,82070.0
2025-05-20,30187.0,55254.0,85441.0,82070.0
2025-05-21,36718.0,48080.0,84798.0,82070.0
2025-05-22,32359.0,50440.0,82799.0,82070.0
2025-05-23,30181.0,50239.0,80420.0,82070.0
2025-05-24,32445.0,57669.0,90114.0,82070.0
2025-05-25,25997.0,50909.0,76906.0,82070.0
2025-05-26,30786.0,51869.0,82655.0,82070.0
2025-05-27,31668.0,54588.0,86256.0,82070.0
2025-05-28,31268.0,44704.0,75972.0,82070.0
2025-05-29,33206.0,52566.0,85772.0,82070.0
2025-05-30,32233.0,60339.0,92572.0,82070.0
2025-05-31,32953.0,53269.0,86222.0,82070.0
2025-06-01,27976.0,50041.0,78017.0,82758.0
2025-06-02,33473.0,54883.0,88356.0,82758.0
2025-06-03,35089.0,56219.0,91308.0,82758.0
2025-06-04,29379.0,45241.0,74620.0,82758.0
2025-06-05,29567.0,46454.0,76021.0,82758.0
2025-06-06,34466.0,53661.0,88127.0,82758.0
2025-06-07,31113.0,50160.0,81273.0,82758.0
2025-06-08,32629.0,54876.0,87505.0,82758.0
2025-06-09,30573.0,51706.0,82279.0,82758.0
2025-06-10,34754.0,45566.0,80320.0,82758.0
2025-06-11,31848.0,48111.0,79959.0,82758.0
2025-06-12,32133.0,42493.0,74626.0,82758.0
2025-06-13,35013.0,52063.0,87076.0,82758.0
2025-06-14,30780.0,52248.0,83028.0,82758.0
2025-06-15,27510.0,48361.0,75871.0,82758.0
2025-06-16,30599.0,57084.0,87683.0,82758.0
2025-06-17,32585.0,57548.0,90133.0,82758.0
2025-06-18,28150.0,52355.0,80505.0,82758.0
2025-06-19,33001.0,44899.0,77900.0,82758.0
2025-06-20,30417.0,55365.0,85782.0,82758.0
2025-06-21,34132.0,55137.0,89269.0,82758.0
2025-06-22,24343.0,51209.0,75552.0,82758.0
2025-06-23,29883.0,56770.0,86653.0,82758.0
2025-06-24,27906.0,48620.0,76526.0,82758.0
2025-06-25,29802.0,60685.0,90487.0,82758.0
2025-06-26,32167.0,49411.0,81578.0,82758.0
2025-06-27,31230.0,55908.0,87138.0,82758.0
2025-06-28,31069.0,46653.0,77722.0,82758.0
2025-06-29,29279.0,46533.0,75812.0,82758.0
2025-06-30,32078.0,58833.0,90911.0,82758.0
2025-07-01,29413.0,52082.0,81495.0,81478.0
2025-07-02,33189.0,56267.0,89456.0,81478.0
2025-07-03,33093.0,53977.0,87070.0,81478.0
2025-07-04,32483.0,52678.0,85161.0,81478.0
2025-07-05,32861.0,58260.0,91121.0,81478.0
2025-07-06,30289.0,49178.0,79467.0,81478.0
2025-07-07,36114.0,46310.0,82424.0,81478.0
2025-07-08,31445.0,50023.0,81468.0,81478.0
2025-07-09,30961.0,55168.0,86129.0,81478.0
2025-07-10,29979.0,54574.0,84553.0,81478.0
2025-07-11,29365.0,47113.0,76478.0,81478.0
2025-07-12,28897.0,50312.0,79209.0,81478.0
2025-07-13,27678.0,47850.0,75528.0,81478.0
2025-07-14,31477.0,51668.0,83145.0,81478.0
2025-07-15,32366.0,47823.0,80189.0,81478.0
2025-07-16,31742.0,50659.0,82401.0,81478.0
2025-07-17,29943.0,50272.0,80215.0,81478.0
2025-07-18,33606.0,55966.0,89572.0,81478.0
2025-07-19,33250.0,56102.0,89352.0,81478.0
2025-07-20,29269.0,49466.0,78735.0,81478.0
2025-07-21,30181.0,51522.0,81703.0,81478.0
2025-07-22,32821.0,53536.0,86357.0,81478.0
2025-07-23,32025.0,49892.0,81917.0,81478.0
2025-07-24,28422.0,48628.0,77050.0,81478.0
2025-07-25,31455.0,49403.0,80858.0,81478.0
2025-07-26,32177.0,50553.0,82730.0,81478.0
2025-07-27,27617.0,45534.0,73151.0,81478.0
2025-07-28,32010.0,53560.0,85570.0,81478.0
2025-07-29,28387.0,55705.0,84092.0,81478.0
2025-07-30,34523.0,46889.0,81412.0,81478.0
2025-07-31,34324.0,53003.0,87327.0,81478.0
2025-08-01,31018.0,52059.0,83077.0,81230.0
2025-08-02,32368.0,54179.0,86547.0,81230.0
2025-08-03,24261.0,49818.0,74079.0,81230.0
2025-08-04,29014.0,47330.0,76344.0,81230.0
2025-08-05,30905.0,48041.0,78946.0,81230.0
2025-08-06,29187.0,52935.0,82122.0,81230.0
2025-08-07,33111.0,56717.0,89828.0,81230.0
2025-08-08,35928.0,44378.0,80306.0,81230.0
2025-08-09,28939.0,54089.0,83028.0,81230.0
2025-08-10,27678.0,54279.0,81957.0,81230.0
2025-08-11,32032.0,52160.0,84192.0,81230.0
2025-08-12,35051.0,54815.0,89866.0,81230.0
2025-08-13,28810.0,50034.0,78844.0,81230.0
2025-08-14,32040.0,52234.0,84274.0,81230.0
2025-08-15,35492.0,46510.0,82002.0,81230.0
2025-08-16,27843.0,43741.0,71584.0,81230.0
2025-08-17,18491.0,36920.0,55411.0,81230.0
2025-08-18,30530.0,48868.0,79398.0,81230.0
2025-08-19,30308.0,50860.0,81168.0,81230.0
2025-08-20,33233.0,47302.0,80535.0,81230.0
2025-08-21,31969.0,47192.0,79161.0,81230.0
2025-08-22,27524.0,51868.0,79392.0,81230.0
2025-08-23,32554.0,49734.0,82288.0,81230.0
2025-08-24,28141.0,50921.0,79062.0,81230.0
2025-08-25,34206.0,54183.0,88389.0,81230.0
2025-08-26,30013.0,53660.0,83673.0,81230.0
2025-08-27,29984.0,53325.0,83309.0,81230.0
2025-08-28,32565.0,58391.0,90956.0,81230.0
2025-08-29,33044.0,48315.0,81359.0,81230.0
2025-08-30,32342.0,52140.0,84482.0,81230.0
2025-08-31,25638.0,53629.0,79267.0,81230.0
2025-09-01,32521.0,57106.0,89627.0,81483.0
2025-09-02,29052.0,46874.0,75926.0,81483.0
2025-09-03,31835.0,51065.0,82900.0,81483.0
2025-09-04,28175.0,57388.0,85563.0,81483.0
2025-09-05,32279.0,54133.0,86412.0,81483.0
2025-09-06,29512.0,52919.0,82431.0,81483.0
2025-09-07,12072.0,22052.0,34124.0,81483.0
2025-09-08,32837.0,50668.0,83505.0,81483.0
2025-09-09,31787.0,53196.0,84983.0,81483.0
2025-09-10,29894.0,51116.0,81010.0,81483.0
2025-09-11,34427.0,51887.0,86314.0,81483.0
2025-09-12,30254.0,52321.0,82575.0,81483.0
2025-09-13,31284.0,49419.0,80703.0,81483.0
2025-09-14,29794.0,50992.0,80786.0,81483.0
2025-09-15,29828.0,63017.0,92845.0,81483.0
2025-09-16,32217.0,45164.0,77381.0,81483.0
2025-09-17,29996.0,53120.0,83116.0,81483.0
2025-09-18,30253.0,48973.0,79226.0,81483.0
2025-09-19,34145.0,54029.0,88174.0,81483.0
2025-09-20,28847.0,51985.0,80832.0,81483.0
2025-09-21,23817.0,51676.0,75493.0,81483.0
2025-09-22,34658.0,56220.0,90878.0,81483.0
2025-09-23,36712.0,52457.0,89169.0,81483.0
2025-09-24,30200.0,56000.0,86200.0,81483.0
2025-09-25,26820.0,42762.0,69582.0,81483.0
2025-09-26,30386.0,57687.0,88073.0,81483.0
2025-09-27,30428.0,53041.0,83469.0,81483.0
2025-09-28,28629.0,52683.0,81312.0,81483.0
2025-09-29,28586.0,46924.0,75510.0,81483.0
2025-09-30,32299.0,48375.0,80674.0,81483.0
2025-10-01,32167.0,52059.0,84226.0,82370.0
2025-10-02,27714.0,51412.0,79126.0,82370.0
2025-10-03,32529.0,52525.0,85054.0,82370.0
2025-10-04,35495.0,55543.0,91038.0,82370.0
2025-10-05,29346.0,41686.0,71032.0,82370.0
2025-10-06,30215.0,55067.0,85282.0,82370.0
2025-10-07,30633.0,51371.0,82004.0,82370.0
2025-10-08,32288.0,50537.0,82825.0,82370.0
2025-10-09,27116.0,45694.0,72810.0,82370.0
2025-10-10,31274.0,53169.0,84443.0,82370.0
2025-10-11,30042.0,42056.0,72098.0,82370.0
2025-10-12,32955.0,50667.0,83622.0,82370.0
2025-10-13,30496.0,45506.0,76002.0,82370.0
2025-10-14,34537.0,51352.0,85889.0,82370.0
2025-10-15,28429.0,50670.0,79099.0,82370.0
2025-10-16,32138.0,55540.0,87678.0,82370.0
2025-10-17,31538.0,50390.0,81928.0,82370.0
2025-10-18,28913.0,48405.0,77318.0,82370.0
2025-10-19,29205.0,46092.0,75297.0,82370.0
2025-10-20,33471.0,55828.0,89299.0,82370.0
2025-10-21,30081.0,53003.0,83084.0,82370.0
2025-10-22,27061.0,49474.0,76535.0,82370.0
2025-10-23,30734.0,50016.0,80750.0,82370.0
2025-10-24,28777.0,44934.0,73711.0,82370.0
2025-10-25,29999.0,52340.0,82339.0,82370.0
2025-10-26,28563.0,41152.0,69715.0,82370.0
2025-10-27,26980.0,53672.0,80652.0,82370.0
2025-10-28,27168.0,51279.0,78447.0,82370.0
2025-10-29,31773.0,59837.0,91610.0,82370.0
2025-10-30,29553.0,46562.0,76115.0,82370.0
2025-10-31,25051.0,50329.0,75380.0,82370.0
2025-11-01,32411.0,57529.0,89940.0,82349.0
2025-11-02,29274.0,52200.0,81474.0,82349.0
2025-11-03,29095.0,48005.0,77100.0,82349.0
2025-11-04,27760.0,51479.0,79239.0,82349.0
2025-11-05,32487.0,50613.0,83100.0,82349.0
2025-11-06,31408.0,51655.0,83063.0,82349.0
2025-11-07,35872.0,47907.0,83779.0,82349.0
2025-11-08,31546.0,50202.0,81748.0,82349.0
2025-11-09,29466.0,41448.0,70914.0,82349.0
2025-11-10,30238.0,51013.0,81251.0,82349.0
2025-11-11,32394.0,52190.0,84584.0,82349.0
2025-11-12,31964.0,49595.0,81559.0,82349.0
2025-11-13,33335.0,44303.0,77638.0,82349.0
2025-11-14,29427.0,54177.0,83604.0,82349.0
2025-11-15,29608.0,51787.0,81395.0,82349.0
2025-11-16,27505.0,44625.0,72130.0,82349.0
2025-11-17,32292.0,49299.0,81591.0,82349.0
2025-11-18,33841.0,44646.0,78487.0,82349.0
2025-11-19,29529.0,46434.0,75963.0,82349.0
2025-11-20,29597.0,48270.0,77867.0,82349.0
2025-11-21,31216.0,54965.0,86181.0,82349.0
2025-11-22,29978.0,47851.0,77829.0,82349.0
2025-11-23,30607.0,49699.0,80306.0,82349.0
2025-11-24,25553.0,48205.0,73758.0,82349.0
2025-11-25,28682.0,51178.0,79860.0,82349.0
2025-11-26,28774.0,49684.0,78458.0,82349.0
2025-11-27,25385.0,53525.0,78910.0,82349.0
2025-11-28,28365.0,48162.0,76527.0,82349.0
2025-11-29,28466.0,44205.0,72671.0,82349.0
2025-11-30,28032.0,41917.0,69949.0,82349.0
2025-12-01,32919.0,48135.0,81054.0,82211.0
2025-12-02,29926.0,45398.0,75324.0,82211.0
2025-12-03,28194.0,51692.0,79886.0,82211.0
2025-12-04,30332.0,48352.0,78684.0,82211.0
2025-12-05,32762.0,59135.0,91897.0,82211.0
2025-12-06,28303.0,43499.0,71802.0,82211.0
2025-12-07,26443.0,47866.0,74309.0,82211.0
2025-12-08,31672.0,45797.0,77469.0,82211.0
2025-12-09,29953.0,48200.0,78153.0,82211.0
2025-12-10,31862.0,50605.0,82467.0,82211.0
2025-12-11,30405.0,41223.0,71628.0,82211.0
2025-12-12,31976.0,50953.0,82929.0,82211.0
2025-12-13,28153.0,57277.0,85430.0,82211.0
2025-12-14,28401.0,45317.0,73718.0,82211.0
2025-12-15,29963.0,51022.0,80985.0,82211.0
2025-12-16,27750.0,53925.0,81675.0,82211.0
2025-12-17,26984.0,49402.0,76386.0,82211.0
2025-12-18,31931.0,47814.0,79745.0,82211.0
2025-12-19,29649.0,41370.0,71019.0,82211.0
2025-12-20,28172.0,52451.0,80623.0,82211.0
2025-12-21,28209.0,46583.0,74792.0,82211.0
2025-12-22,32902.0,46162.0,79064.0,82211.0
2025-12-23,25402.0,50490.0,75892.0,82211.0
2025-12-24,20107.0,35423.0,55530.0,82211.0
2025-12-25,28390.0,48000.0,76390.0,82211.0
2025-12-26,33636.0,52312.0,85948.0,82211.0
2025-12-27,31044.0,44923.0,75967.0,82211.0
2025-12-28,30111.0,50990.0,81101.0,82211.0
2025-12-29,27916.0,44700.0,72616.0,82211.0
2025-12-30,27963.0,47495.0,75458.0,82211.0
2025-12-31,31413.0,57324.0,88737.0,82211.0
2026-01-01,30558.0,54304.0,84862.0,82439.0
2026-01-02,31639.0,50395.0,82034.0,82439.0
2026-01-03,30021.0,46454.0,76475.0,82439.0
2026-01-04,29049.0,45022.0,74071.0,82439.0
2026-01-05,30788.0,50317.0,81105.0,82439.0
2026-01-06,32154.0,50187.0,82341.0,82439.0
2026-01-07,32222.0,49706.0,81928.0,82439.0
2026-01-08,9585.0,17803.0,27388.0,82439.0
2026-01-09,25510.0,49251.0,74761.0,82439.0
2026-01-10,32662.0,44594.0,77256.0,82439.0
2026-01-11,31075.0,45119.0,76194.0,82439.0
2026-01-12,28221.0,53566.0,81787.0,82439.0
2026-01-13,26379.0,44901.0,71280.0,82439.0
2026-01-14,30694.0,49390.0,80084.0,82439.0
2026-01-15,32529.0,47006.0,79535.0,82439.0
2026-01-16,34441.0,50555.0,84996.0,82439.0
2026-01-17,31628.0,48667.0,80295.0,82439.0
2026-01-18,27680.0,52769.0,80449.0,82439.0
2026-01-19,28538.0,52093.0,80631.0,82439.0
2026-01-20,30535.0,45196.0,75731.0,82439.0
2026-01-21,29857.0,52745.0,82602.0,82439.0
2026-01-22,28289.0,47265.0,75554.0,82439.0
2026-01-23,35036.0,48030.0,83066.0,82439.0
2026-01-24,34463.0,51430.0,85893.0,82439.0
2026-01-25,31043.0,45384.0,76427.0,82439.0
2026-01-26,15402.0,28975.0,44377.0,82439.0
2026-01-27,32439.0,47342.0,79781.0,82439.0
2026-01-28,31973.0,47950.0,79923.0,82439.0
2026-01-29,31547.0,47825.0,79372.0,82439.0
2026-01-30,33331.0,48187.0,81518.0,82439.0
2026-01-31,31988.0,54532.0,86520.0,82439.0
2026-02-01,30227.0,49763.0,79990.0,83443.0
2026-02-02,32009.0,56890.0,88899.0,83443.0
2026-02-03,31366.0,59029.0,90395.0,83443.0
2026-02-04,26702.0,46515.0,73217.0,83443.0
2026-02-05,30819.0,50719.0,81538.0,83443.0
2026-02-06,29421.0,46003.0,75424.0,83443.0
2026-02-07,27838.0,47538.0,75376.0,83443.0
2026-02-08,14678.0,20464.0,35142.0,83443.0
2026-02-09,34477.0,46519.0,80996.0,83443.0
2026-02-10,33674.0,46562.0,80236.0,83443.0
2026-02-11,31255.0,50033.0,81288.0,83443.0
2026-02-12,33676.0,45981.0,79657.0,83443.0
2026-02-13,30741.0,53828.0,84569.0,83443.0
2026-02-14,31172.0,47164.0,78336.0,83443.0
2026-02-15,26331.0,58352.0,84683.0,83443.0
2026-02-16,31621.0,48985.0,80606.0,83443.0
2026-02-17,30892.0,50999.0,81891.0,83443.0
2026-02-18,27904.0,45828.0,73732.0,83443.0
2026-02-19,30669.0,57259.0,87928.0,83443.0
2026-02-20,30618.0,55056.0,85674.0,83443.0
2026-02-21,34760.0,51956.0,86716.0,83443.0
2026-02-22,30784.0,42736.0,73520.0,83443.0
2026-02-23,30854.0,51682.0,82536.0,83443.0
2026-02-24,31389.0,46647.0,78036.0,83443.0
2026-02-25,30951.0,56492.0,87443.0,83443.0
2026-02-26,30420.0,54038.0,84458.0,83443.0
2026-02-27,28497.0,51354.0,79851.0,83443.0
2026-02-28,30559.0,41761.0,72320.0,83443.0
2026-03-01,27263.0,44311.0,71574.0,82508.0
2026-03-02,28166.0,53690.0,81856.0,82508.0
2026-03-03,32055.0,55714.0,87769.0,82508.0
2026-03-04,31804.0,55349.0,87153.0,82508.0
2026-03-05,27026.0,45114.0,72140.0,82508.0
2026-03-06,30700.0,52340.0,83040.0,82508.0
2026-03-07,33173.0,55083.0,88256.0,82508.0
2026-03-08,31327.0,41952.0,73279.0,82508.0
2026-03-09,33267.0,51254.0,84521.0,82508.0
2026-03-10,31109.0,52355.0,83464.0,82508.0
2026-03-11,29178.0,50202.0,79380.0,82508.0
2026-03-12,28667.0,44338.0,73005.0,82508.0
2026-03-13,31823.0,50169.0,81992.0,82508.0
2026-03-14,31913.0,50194.0,82107.0,82508.0
2026-03-15,31925.0,47907.0,79832.0,82508.0
2026-03-16,33527.0,49360.0,82887.0,82508.0
2026-03-17,30830.0,49849.0,80679.0,82508.0
2026-03-18,28398.0,51413.0,79811.0,82508.0
2026-03-19,30447.0,53277.0,83724.0,82508.0
2026-03-20,31642.0,50471.0,82113.0,82508.0
2026-03-21,30733.0,50103.0,80836.0,82508.0
2026-03-22,27921.0,49043.0,76964.0,82508.0
2026-03-23,31763.0,44425.0,76188.0,82508.0
2026-03-24,30112.0,53569.0,83681.0,82508.0
2026-03-25,29854.0,51787.0,81641.0,82508.0
2026-03-26,31935.0,51972.0,83907.0,82508.0
2026-03-27,30380.0,55505.0,85885.0,82508.0
2026-03-28,31816.0,44466.0,76282.0,82508.0
2026-03-29,29895.0,41418.0,71313.0,82508.0
2026-03-30,28801.0,52992.0,81793.0,82508.0
2026-03-31,22348.0,38368.0,60716.0,82508.0
2026-04-01,34500.0,52663.0,87163.0,83759.0
2026-04-02,28795.0,50293.0,79088.0,83759.0
2026-04-03,26709.0,54606.0,81315.0,83759.0
2026-04-04,27285.0,55658.0,82943.0,83759.0
2026-04-05,29459.0,50985.0,80444.0,83759.0
2026-04-06,31478.0,51188.0,82666.0,83759.0
2026-04-07,31165.0,44202.0,75367.0,83759.0
2026-04-08,34110.0,55166.0,89276.0,83759.0
2026-04-09,25573.0,56918.0,82491.0,83759.0
2026-04-10,32338.0,54757.0,87095.0,83759.0
2026-04-11,34917.0,48997.0,83914.0,83759.0
2026-04-12,27015.0,51932.0,78947.0,83759.0
2026-04-13,30674.0,55673.0,86347.0,83759.0
2026-04-14,29868.0,58359.0,88227.0,83759.0
2026-04-15,16292.0,27073.0,43365.0,83759.0
2026-04-16,30834.0,51638.0,82472.0,83759.0
2026-04-17,34707.0,55369.0,90076.0,83759.0
2026-04-18,35622.0,52779.0,88401.0,83759.0
2026-04-19,28855.0,45346.0,74201.0,83759.0
2026-04-20,35799.0,54198.0,89997.0,83759.0
2026-04-21,31700.0,54852.0,86552.0,83759.0
2026-04-22,35493.0,53018.0,88511.0,83759.0
2026-04-23,31443.0,53548.0,84991.0,83759.0
2026-04-24,31951.0,51761.0,83712.0,83759.0
2026-04-25,32480.0,58391.0,90871.0,83759.0
2026-04-26,36682.0,46381.0,83063.0,83759.0
2026-04-27,33575.0,50601.0,84176.0,83759.0
2026-04-28,30159.0,52904.0,83063.0,83759.0
2026-04-29,33860.0,56231.0,90091.0,83759.0
2026-04-30,30945.0,47230.0,78175.0,83759.0
2026-05-01,30676.0,47969.0,78645.0,84669.0
2026-05-02,33765.0,45233.0,78998.0,84669.0
2026-05-03,29847.0,50129.0,79976.0,84669.0
2026-05-04,32404.0,48783.0,81187.0,84669.0
2026-05-05,31835.0,51598.0,83433.0,84669.0
2026-05-06,32556.0,55600.0,88156.0,84669.0
2026-05-07,32763.0,50676.0,83439.0,84669.0
2026-05-08,27579.0,54019.0,81598.0,84669.0
2026-05-09,33318.0,52029.0,85347.0,84669.0
2026-05-10,27703.0,52746.0,80449.0,84669.0
2026-05-11,28702.0,55023.0,83725.0,84669.0
2026-05-12,31758.0,50613.0,82371.0,84669.0
2026-05-13,32082.0,52627.0,84709.0,84669.0
2026-05-14,30383.0,57258.0,87641.0,84669.0
2026-05-15,33748.0,54811.0,88559.0,84669.0
2026-05-16,28977.0,48031.0,77008.0,84669.0
2026-05-17,29046.0,52855.0,81901.0,84669.0
2026-05-18,30665.0,49265.0,79930.0,84669.0
2026-05-19,31859.0,58776.0,90635.0,84669.0
2026-05-20,32585.0,57323.0,89908.0,84669.0
2026-05-21,29764.0,54555.0,84319.0,84669.0
2026-05-22,33585.0,54072.0,87657.0,84669.0
2026-05-23,32140.0,52701.0,84841.0,84669.0
2026-05-24,25848.0,53095.0,78943.0,84669.0
2026-05-25,27711.0,52128.0,79839.0,84669.0
2026-05-26,32002.0,54451.0,86453.0,84669.0
2026-05-27,31551.0,56889.0,88440.0,84669.0
2026-05-28,31819.0,51460.0,83279.0,84669.0
2026-05-29,31993.0,51272.0,83265.0,84669.0
2026-05-30,32559.0,49093.0,81652.0,84669.0
2026-05-31,32156.0,46604.0,78760.0,84669.0
2026-06-01,29635.0,46718.0,76353.0,83483.0
2026-06-02,29509.0,56456.0,85965.0,83483.0
2026-06-03,29689.0,60573.0,90262.0,83483.0
2026-06-04,32738.0,59131.0,91869.0,83483.0
2026-06-05,34848.0,47551.0,82399.0,83483.0
2026-06-06,31167.0,56500.0,87667.0,83483.0
2026-06-07,24619.0,56164.0,80783.0,83483.0
2026-06-08,28381.0,52038.0,80419.0,83483.0
2026-06-09,30303.0,54172.0,84475.0,83483.0
2026-06-10,30915.0,46170.0,77085.0,83483.0
2026-06-11,31249.0,54826.0,86075.0,83483.0
2026-06-12,32238.0,49783.0,82021.0,83483.0
2026-06-13,31473.0,54594.0,86067.0,83483.0
2026-06-14,32473.0,44914.0,77387.0,83483.0
2026-06-15,15938.0,29048.0,44986.0,83483.0
2026-06-16,30277.0,57761.0,88038.0,83483.0
2026-06-17,33232.0,50901.0,84133.0,83483.0
2026-06-18,28805.0,49566.0,78371.0,83483.0
2026-06-19,33045.0,45701.0,78746.0,83483.0
2026-06-20,32417.0,52890.0,85307.0,83483.0
2026-06-21,29871.0,48700.0,78571.0,83483.0
2026-06-22,35693.0,48023.0,83716.0,83483.0
2026-06-23,30833.0,55645.0,86478.0,83483.0
2026-06-24,36738.0,52219.0,88957.0,83483.0
2026-06-25,31712.0,49847.0,81559.0,83483.0
2026-06-26,29401.0,51832.0,81233.0,83483.0
2026-06-27,32367.0,58015.0,90382.0,83483.0
2026-06-28,27848.0,53239.0,81087.0,83483.0
2026-06-29,30564.0,53457.0,84021.0,83483.0
2026-06-30,33093.0,56307.0,89400.0,83483.0
2026-07-01,33443.0,49545.0,82988.0,83652.0
2026-07-02,30853.0,54081.0,84934.0,83652.0
2026-07-03,34396.0,54519.0,88915.0,83652.0
2026-07-04,34771.0,52175.0,86946.0,83652.0
2026-07-05,33385.0,52615.0,86000.0,83652.0
2026-07-06,33390.0,50995.0,84385.0,83652.0
2026-07-07,35225.0,55897.0,91122.0,83652.0
2026-07-08,28088.0,56055.0,84143.0,83652.0
2026-07-09,31526.0,42871.0,74397.0,83652.0
2026-07-10,30318.0,58477.0,88795.0,83652.0
2026-07-11,32487.0,42370.0,74857.0,83652.0
2026-07-12,28966.0,48607.0,77573.0,83652.0
2026-07-13,31857.0,57840.0,89697.0,83652.0
2026-07-14,36362.0,52734.0,89096.0,83652.0
2026-07-15,31846.0,48363.0,80209.0,83652.0
2026-07-16,33128.0,49773.0,82901.0,83652.0
2026-07-17,16836.0,30706.0,47542.0,83652.0
2026-07-18,32381.0,46615.0,78996.0,83652.0
2026-07-19,30225.0,55201.0,85426.0,83652.0
2026-07-20,33195.0,53694.0,86889.0,83652.0
2026-07-21,34770.0,49364.0,84134.0,83652.0
2026-07-22,35828.0,51671.0,87499.0,83652.0
2026-07-23,32881.0,50013.0,82894.0,83652.0
2026-07-24,33494.0,57160.0,90654.0,83652.0
2026-07-25,29661.0,56642.0,86303.0,83652.0
2026-07-26,29996.0,44316.0,74312.0,83652.0
2026-07-27,34254.0,52305.0,86559.0,83652.0
2026-07-28,34086.0,50547.0,84633.0,83652.0
2026-07-29,32642.0,58731.0,91373.0,83652.0
2026-07-30,34122.0,48673.0,82795.0,83652.0
2026-07-31,33247.0,59887.0,93134.0,83652.0
2026-08-01,34803.0,53651.0,88454.0,83174.0
2026-08-02,30794.0,46349.0,77143.0,83174.0
2026-08-03,31369.0,51177.0,82546.0,83174.0
2026-08-04,32885.0,50690.0,83575.0,83174.0
2026-08-05,25693.0,48878.0,74571.0,83174.0
2026-08-06,32977.0,54067.0,87044.0,83174.0
2026-08-07,24102.0,49025.0,73127.0,83174.0
2026-08-08,28331.0,45390.0,73721.0,83174.0
2026-08-09,31110.0,49216.0,80326.0,83174.0
2026-08-10,33160.0,46791.0,79951.0,83174.0
2026-08-11,29545.0,50766.0,80311.0,83174.0
2026-08-12,30529.0,50152.0,80681.0,83174.0
2026-08-13,35103.0,50278.0,85381.0,83174.0
2026-08-14,31016.0,61174.0,92190.0,83174.0
2026-08-15,37008.0,53766.0,90774.0,83174.0
2026-08-16,30062.0,51465.0,81527.0,83174.0
2026-08-17,32956.0,46763.0,79719.0,83174.0
2026-08-18,35607.0,51009.0,86616.0,83174.0
2026-08-19,32331.0,54292.0,86623.0,83174.0
2026-08-20,29829.0,49560.0,79389.0,83174.0
2026-08-21,31784.0,56883.0,88667.0,83174.0
2026-08-22,31939.0,48841.0,80780.0,83174.0
2026-08-23,27006.0,49302.0,76308.0,83174.0
2026-08-24,31437.0,51141.0,82578.0,83174.0
2026-08-25,30358.0,53971.0,84329.0,83174.0
2026-08-26,18770.0,28082.0,46852.0,83174.0
2026-08-27,32049.0,52272.0,84321.0,83174.0
2026-08-28,31342.0,52381.0,83723.0,83174.0
2026-08-29,31721.0,50464.0,82185.0,83174.0
2026-08-30,30436.0,52075.0,82511.0,83174.0
2026-08-31,33292.0,54114.0,87406.0,83174.0
2026-09-01,29726.0,52847.0,82573.0,82575.0
2026-09-02,29624.0,51524.0,81148.0,82575.0
2026-09-03,34336.0,56162.0,90498.0,82575.0
2026-09-04,30989.0,52214.0,83203.0,82575.0
2026-09-05,28769.0,51920.0,80689.0,82575.0
2026-09-06,30852.0,50458.0,81310.0,82575.0
2026-09-07,32885.0,59482.0,92367.0,82575.0
2026-09-08,28487.0,47916.0,76403.0,82575.0
2026-09-09,32349.0,55909.0,88258.0,82575.0
2026-09-10,33452.0,45764.0,79216.0,82575.0
2026-09-11,32647.0,53757.0,86404.0,82575.0
2026-09-12,33203.0,58891.0,92094.0,82575.0
2026-09-13,26713.0,51736.0,78449.0,82575.0
2026-09-14,32519.0,53501.0,86020.0,82575.0
2026-09-15,31114.0,50696.0,81810.0,82575.0
2026-09-16,30707.0,52917.0,83624.0,82575.0
2026-09-17,33674.0,51814.0,85488.0,82575.0
2026-09-18,35002.0,49759.0,84761.0,82575.0
2026-09-19,35684.0,51617.0,87301.0,82575.0
